time,vbat,ibat,ntc_temp,vsys,die_temp,iba_meas_status,buck_status,mode
0,3.445,87.6,0.323,3.427,0.044,0x04,0x0E,DISCHARGING
2001,3.387,100.4,0.323,3.377,0.044,0x04,0x0E,DISCHARGING
4002,3.367,98.4,0.323,3.346,0.837,0x04,0x0E,DISCHARGING
6003,3.338,102.8,0.323,3.327,0.837,0x04,0x0E,DISCHARGING
8005,3.318,87.6,0.323,3.321,0.837,0x04,0x0E,DISCHARGING
10006,3.318,102.0,0.323,3.302,0.837,0x04,0x0E,DISCHARGING
12007,3.289,109.6,0.323,3.29,0.837,0x04,0x0E,DISCHARGING
14009,3.299,108.8,0.773,3.284,0.837,0x04,0x0E,DISCHARGING
16010,3.299,94.4,0.773,3.277,-1.629,0x04,0x0E,DISCHARGING
18012,3.308,109.6,0.773,3.271,-1.629,0x04,0x0E,DISCHARGING
20013,3.284,101.6,0.773,3.265,-1.629,0x04,0x0E,DISCHARGING
22014,3.294,106.0,-1.226,3.259,-1.629,0x04,0x0E,DISCHARGING
24016,3.274,101.2,-1.226,3.259,-2.422,0x04,0x0E,DISCHARGING
26017,3.269,100.4,-1.226,3.252,-1.629,0x04,0x0E,DISCHARGING
28018,3.264,115.2,-1.226,3.252,-2.422,0x04,0x0E,DISCHARGING
30020,3.26,104.0,-1.226,3.252,-1.629,0x04,0x0E,DISCHARGING
32021,3.26,106.0,-1.226,3.246,-1.629,0x04,0x0E,DISCHARGING
34023,3.255,100.4,-1.226,3.252,-1.629,0x04,0x0E,DISCHARGING
36024,3.264,102.0,-1.226,3.24,-2.422,0x04,0x0E,DISCHARGING
38025,3.25,104.0,-1.226,3.24,-2.422,0x04,0x0E,DISCHARGING
40026,3.25,101.6,-1.226,3.24,-2.422,0x04,0x0E,DISCHARGING
42028,3.25,104.8,-1.226,3.246,-2.422,0x04,0x0E,DISCHARGING
44029,3.245,101.6,-1.226,3.24,-2.422,0x04,0x0E,DISCHARGING
46031,3.274,106.0,-1.226,3.234,-2.422,0x04,0x0E,DISCHARGING
48032,3.245,102.0,-1.226,3.234,-3.215,0x04,0x0E,DISCHARGING
50033,3.245,102.4,-1.226,3.234,-2.422,0x04,0x0E,DISCHARGING
52035,3.25,101.2,-1.226,3.228,-3.215,0x04,0x0E,DISCHARGING
54037,3.245,109.6,-1.226,3.228,-3.215,0x04,0x0E,DISCHARGING
56038,3.24,108.8,-1.226,3.228,-3.215,0x04,0x0E,DISCHARGING
58039,3.25,101.6,-1.226,3.221,-3.215,0x04,0x0E,DISCHARGING
60041,3.23,106.0,-1.226,3.221,-2.422,0x04,0x0E,DISCHARGING
62042,3.24,109.6,-1.226,3.215,-3.215,0x04,0x0E,DISCHARGING
64044,3.23,115.2,-1.226,3.221,-3.215,0x04,0x0E,DISCHARGING
66046,3.23,104.8,-1.226,3.215,-3.215,0x04,0x0E,DISCHARGING
68048,3.23,89.2,-1.226,3.221,-3.215,0x04,0x0E,DISCHARGING
70049,3.23,104.4,-1.226,3.215,-3.215,0x04,0x0E,DISCHARGING
72051,3.225,100.4,-1.226,3.215,-3.215,0x04,0x0E,DISCHARGING
74052,3.23,115.2,-1.226,3.215,-3.215,0x04,0x0E,DISCHARGING
76054,3.22,106.0,-1.226,3.215,-3.215,0x04,0x0E,DISCHARGING
78056,3.22,100.4,-1.226,3.209,-3.215,0x04,0x0E,DISCHARGING
80057,3.23,106.0,-1.226,3.209,-4.007,0x04,0x0E,DISCHARGING
82059,3.216,101.6,-1.226,3.203,-3.215,0x04,0x0E,DISCHARGING
84061,3.22,102.0,-1.226,3.203,-3.215,0x04,0x0E,DISCHARGING
86063,3.22,94.4,-1.226,3.203,-3.215,0x04,0x0E,DISCHARGING
88065,3.22,109.2,-1.226,3.203,-3.215,0x04,0x0E,DISCHARGING
90066,3.22,110.0,-1.226,3.203,-3.215,0x04,0x0E,DISCHARGING
92068,3.23,104.8,-1.226,3.196,-3.215,0x04,0x0E,DISCHARGING
94070,3.211,104.8,-1.226,3.196,-3.215,0x04,0x0E,DISCHARGING
96071,3.211,109.6,-1.226,3.209,-3.215,0x04,0x0E,DISCHARGING
98073,3.211,107.2,-1.226,3.196,-4.007,0x04,0x0E,DISCHARGING
100074,3.206,110.0,-1.226,3.196,-4.007,0x04,0x0E,DISCHARGING
102076,3.206,101.6,-1.226,3.196,-4.007,0x04,0x0E,DISCHARGING
104078,3.216,107.2,-1.226,3.196,-4.007,0x04,0x0E,DISCHARGING
106080,3.206,104.8,-1.226,3.196,-4.007,0x04,0x0E,DISCHARGING
108082,3.211,104.8,-1.226,3.19,-4.007,0x04,0x0E,DISCHARGING
110083,3.211,102.0,-1.226,3.184,-4.007,0x04,0x0E,DISCHARGING
112085,3.211,110.4,-1.226,3.19,-4.007,0x04,0x0E,DISCHARGING
114086,3.206,96.0,-1.226,3.196,-4.007,0x04,0x0E,DISCHARGING
116088,3.225,109.6,-1.226,3.19,-4.007,0x04,0x0E,DISCHARGING
118090,3.216,104.0,-1.226,3.19,-4.007,0x04,0x0E,DISCHARGING
120091,3.216,106.0,-1.226,3.19,-4.007,0x04,0x0E,DISCHARGING
122092,3.211,101.2,-1.226,3.19,-4.007,0x04,0x0E,DISCHARGING
124093,3.211,107.6,-1.226,3.184,-4.007,0x04,0x0E,DISCHARGING
126095,3.206,115.2,-1.226,3.184,-4.007,0x04,0x0E,DISCHARGING
128096,3.211,108.8,-1.226,3.184,-4.007,0x04,0x0E,DISCHARGING
130098,3.206,107.6,-1.226,3.184,-4.007,0x04,0x0E,DISCHARGING
132099,3.206,104.0,-1.226,3.184,-4.8,0x04,0x0E,DISCHARGING
134101,3.206,104.8,-1.226,3.184,-4.8,0x04,0x0E,DISCHARGING
136102,3.211,106.8,-1.226,3.184,-4.007,0x04,0x0E,DISCHARGING
138104,3.211,100.4,-1.226,3.178,-4.007,0x04,0x0E,DISCHARGING
140105,3.211,87.6,-1.226,3.184,-4.007,0x04,0x0E,DISCHARGING
142106,3.211,104.8,-1.226,3.178,-4.007,0x04,0x0E,DISCHARGING
144108,3.186,102.0,-1.226,3.178,-4.007,0x04,0x0E,DISCHARGING
146109,3.211,104.4,-1.226,3.178,-4.007,0x04,0x0E,DISCHARGING
148467,3.167,142.4,-1.226,3.146,-4.007,0x04,0x0E,DISCHARGING
150468,3.167,139.6,-1.226,3.146,-4.007,0x04,0x0E,DISCHARGING
152470,3.172,145.6,-1.226,3.14,-4.8,0x04,0x0E,DISCHARGING
154472,3.167,128.0,-1.226,3.14,-4.007,0x04,0x0E,DISCHARGING
156473,3.186,139.6,-1.226,3.14,-4.8,0x04,0x0E,DISCHARGING
158475,3.167,144.4,-1.226,3.14,-4.007,0x04,0x0E,DISCHARGING
160477,3.157,142.4,-1.226,3.134,-4.007,0x04,0x0E,DISCHARGING
162479,3.152,143.2,-1.226,3.134,-4.8,0x04,0x0E,DISCHARGING
164481,3.157,142.4,-1.226,3.14,-4.8,0x04,0x0E,DISCHARGING
166483,3.157,144.4,-1.226,3.128,-4.8,0x04,0x0E,DISCHARGING
168485,3.157,142.8,-1.226,3.128,-4.007,0x04,0x0E,DISCHARGING
170487,3.157,140.0,-1.226,3.128,-4.007,0x04,0x0E,DISCHARGING
172489,3.152,144.4,-1.226,3.128,-4.8,0x04,0x0E,DISCHARGING
174490,3.152,142.4,-1.226,3.134,-4.8,0x04,0x0E,DISCHARGING
176491,3.152,140.0,-1.226,3.128,-4.007,0x04,0x0E,DISCHARGING
178493,3.147,142.4,-1.226,3.128,-4.007,0x04,0x0E,DISCHARGING
180495,3.157,138.8,-1.226,3.128,-4.007,0x04,0x0E,DISCHARGING
182496,3.152,132.4,-1.226,3.128,-4.8,0x04,0x0E,DISCHARGING
184498,3.142,138.8,-1.226,3.122,-4.007,0x04,0x0E,DISCHARGING
186499,3.152,148.0,-1.226,3.122,-4.007,0x04,0x0E,DISCHARGING
188501,3.147,142.4,-1.226,3.122,-4.007,0x04,0x0E,DISCHARGING
190502,3.142,141.6,-1.226,3.122,-4.007,0x04,0x0E,DISCHARGING
192503,3.137,142.0,-1.226,3.122,-4.007,0x04,0x0E,DISCHARGING
194505,3.157,142.4,-1.226,3.122,-4.007,0x04,0x0E,DISCHARGING
196506,3.137,144.4,-1.226,3.122,-4.8,0x04,0x0E,DISCHARGING
198508,3.132,140.0,-1.226,3.122,-4.007,0x04,0x0E,DISCHARGING
200509,3.132,140.8,-1.226,3.122,-4.8,0x04,0x0E,DISCHARGING
202510,3.132,138.8,-1.226,3.115,-4.007,0x04,0x0E,DISCHARGING
204512,3.132,142.4,-1.226,3.115,-4.007,0x04,0x0E,DISCHARGING
206513,3.132,138.8,-1.226,3.115,-4.007,0x04,0x0E,DISCHARGING
208515,3.137,127.6,-1.226,3.115,-4.8,0x04,0x0E,DISCHARGING
210516,3.132,142.4,-1.226,3.115,-4.007,0x04,0x0E,DISCHARGING
212517,3.132,138.8,-1.226,3.115,-4.007,0x04,0x0E,DISCHARGING
214518,3.137,144.4,-1.226,3.109,-4.007,0x04,0x0E,DISCHARGING
216520,3.152,129.6,-1.226,3.109,-4.007,0x04,0x0E,DISCHARGING
218521,3.132,141.2,-1.226,3.115,-4.007,0x04,0x0E,DISCHARGING
220522,3.132,139.6,-1.226,3.109,-4.007,0x04,0x0E,DISCHARGING
222524,3.128,142.8,-1.226,3.109,-4.8,0x04,0x0E,DISCHARGING
224525,3.132,138.8,-1.226,3.109,-4.007,0x04,0x0E,DISCHARGING
226527,3.132,142.8,-1.226,3.109,-4.007,0x04,0x0E,DISCHARGING
228528,3.132,148.8,-1.226,3.109,-4.007,0x04,0x0E,DISCHARGING
230529,3.132,144.4,-1.226,3.109,-4.007,0x04,0x0E,DISCHARGING
232531,3.132,144.4,-1.226,3.109,-4.007,0x04,0x0E,DISCHARGING
234532,3.132,148.0,-1.226,3.103,-4.8,0x04,0x0E,DISCHARGING
236534,3.128,144.4,-1.226,3.109,-4.8,0x04,0x0E,DISCHARGING
238535,3.137,144.4,-1.226,3.103,-4.007,0x04,0x0E,DISCHARGING
240537,3.128,141.2,-1.226,3.109,-4.007,0x04,0x0E,DISCHARGING
242538,3.137,127.6,-1.226,3.103,-4.8,0x04,0x0E,DISCHARGING
244540,3.132,138.8,-1.226,3.103,-4.007,0x04,0x0E,DISCHARGING
246541,3.132,142.8,-1.226,3.097,-4.007,0x04,0x0E,DISCHARGING
248542,3.132,142.4,-1.226,3.097,-4.007,0x04,0x0E,DISCHARGING
250544,3.132,137.2,-1.226,3.103,-4.007,0x04,0x0E,DISCHARGING
252545,3.132,140.0,-1.226,3.103,-4.007,0x04,0x0E,DISCHARGING
254547,3.132,142.4,-1.226,3.097,-4.007,0x04,0x0E,DISCHARGING
256548,3.132,142.4,-1.226,3.097,-4.007,0x04,0x0E,DISCHARGING
258550,3.123,142.4,-1.226,3.097,-4.8,0x04,0x0E,DISCHARGING
260551,3.132,140.0,-1.226,3.103,-4.007,0x04,0x0E,DISCHARGING
262553,3.118,147.2,-1.226,3.103,-4.007,0x04,0x0E,DISCHARGING
264554,3.118,140.0,-1.226,3.103,-4.007,0x04,0x0E,DISCHARGING
266556,3.118,140.4,-1.226,3.097,-4.007,0x04,0x0E,DISCHARGING
268557,3.113,128.399,-1.226,3.109,-4.007,0x04,0x0E,DISCHARGING
270558,3.147,139.6,-1.226,3.097,-4.007,0x04,0x0E,DISCHARGING
272559,3.113,144.4,-1.226,3.097,-4.007,0x04,0x0E,DISCHARGING
274561,3.128,138.8,-1.226,3.097,-4.007,0x04,0x0E,DISCHARGING
276562,3.132,129.6,-1.226,3.097,-4.8,0x04,0x0E,DISCHARGING
278563,3.113,138.8,-1.226,3.097,-4.8,0x04,0x0E,DISCHARGING
280565,3.118,147.2,-1.226,3.09,-4.007,0x04,0x0E,DISCHARGING
282567,3.113,138.8,-1.226,3.097,-4.007,0x04,0x0E,DISCHARGING
284568,3.113,143.2,-1.226,3.097,-4.007,0x04,0x0E,DISCHARGING
286569,3.118,142.4,-1.226,3.097,-4.007,0x04,0x0E,DISCHARGING
288571,3.113,144.4,-1.226,3.097,-4.8,0x04,0x0E,DISCHARGING
290572,3.113,143.2,-1.226,3.09,-4.007,0x04,0x0E,DISCHARGING
292573,3.128,144.4,-1.226,3.097,-4.007,0x04,0x0E,DISCHARGING
294574,3.113,142.8,-1.226,3.097,-4.8,0x04,0x0E,DISCHARGING
296575,3.113,140.4,-1.226,3.09,-4.007,0x04,0x0E,DISCHARGING
298577,3.113,148.0,-1.226,3.09,-4.007,0x04,0x0E,DISCHARGING
300578,3.113,144.4,-1.226,3.084,-4.8,0x04,0x0E,DISCHARGING
302579,3.113,147.2,-1.226,3.09,-4.007,0x04,0x0E,DISCHARGING
304581,3.108,144.4,-1.226,3.09,-4.007,0x04,0x0E,DISCHARGING
306582,3.118,148.0,-1.226,3.09,-4.007,0x04,0x0E,DISCHARGING
308584,3.108,144.4,-1.226,3.09,-4.007,0x04,0x0E,DISCHARGING
310586,3.113,126.8,-1.226,3.097,-4.007,0x04,0x0E,DISCHARGING
312588,3.113,145.6,-1.226,3.09,-4.007,0x04,0x0E,DISCHARGING
314589,3.108,148.0,-1.226,3.09,-4.8,0x04,0x0E,DISCHARGING
316591,3.113,148.0,-1.226,3.09,-4.8,0x04,0x0E,DISCHARGING
318593,3.103,145.6,-1.226,3.084,-4.007,0x04,0x0E,DISCHARGING
320595,3.103,145.6,-1.226,3.097,-4.007,0x04,0x0E,DISCHARGING
322596,3.118,142.4,-1.226,3.084,-4.007,0x04,0x0E,DISCHARGING
324597,3.113,153.6,-1.226,3.078,-4.8,0x04,0x0E,DISCHARGING
326598,3.108,144.4,-1.226,3.084,-4.007,0x04,0x0E,DISCHARGING
328600,3.113,140.0,-1.226,3.09,-4.007,0x04,0x0E,DISCHARGING
330601,3.113,144.8,-1.226,3.084,-4.007,0x04,0x0E,DISCHARGING
332603,3.093,153.6,-1.226,3.078,-4.8,0x04,0x0E,DISCHARGING
334605,3.113,138.8,-1.226,3.084,-4.8,0x04,0x0E,DISCHARGING
336607,3.118,143.2,-1.226,3.078,-4.8,0x04,0x0E,DISCHARGING
338609,3.103,142.4,-1.226,3.084,-4.007,0x04,0x0E,DISCHARGING
340611,3.098,148.0,-1.226,3.078,-4.8,0x04,0x0E,DISCHARGING
342613,3.113,143.2,-1.226,3.078,-4.007,0x04,0x0E,DISCHARGING
344614,3.103,142.8,-1.226,3.084,-4.007,0x04,0x0E,DISCHARGING
346616,3.118,144.4,-1.226,3.084,-4.8,0x04,0x0E,DISCHARGING
348618,3.098,142.0,-1.226,3.078,-4.007,0x04,0x0E,DISCHARGING
350619,3.098,142.4,-1.226,3.078,-4.007,0x04,0x0E,DISCHARGING
352621,3.103,138.8,-1.226,3.084,-4.8,0x04,0x0E,DISCHARGING
354622,3.098,142.4,-1.226,3.078,-4.8,0x04,0x0E,DISCHARGING
356624,3.093,142.8,-1.226,3.084,-4.007,0x04,0x0E,DISCHARGING
358626,3.093,142.4,-1.226,3.078,-4.007,0x04,0x0E,DISCHARGING
360628,3.093,147.2,-1.226,3.072,-4.007,0x04,0x0E,DISCHARGING
362630,3.118,140.4,-1.226,3.078,-4.007,0x04,0x0E,DISCHARGING
364631,3.093,140.4,-1.226,3.078,-4.8,0x04,0x0E,DISCHARGING
366633,3.093,145.2,-1.226,3.078,-4.8,0x04,0x0E,DISCHARGING
368634,3.098,138.8,-1.226,3.078,-4.007,0x04,0x0E,DISCHARGING
370636,3.098,138.8,-1.226,3.078,-4.007,0x04,0x0E,DISCHARGING
372638,3.098,139.6,-1.226,3.078,-4.007,0x04,0x0E,DISCHARGING
374640,3.103,132.8,-1.226,3.072,-4.8,0x04,0x0E,DISCHARGING
376641,3.093,142.8,-1.226,3.072,-4.8,0x04,0x0E,DISCHARGING
378642,3.093,142.4,-1.226,3.072,-4.8,0x04,0x0E,DISCHARGING
380644,3.093,142.8,-1.226,3.078,-4.007,0x04,0x0E,DISCHARGING
382645,3.103,147.2,-1.226,3.072,-4.007,0x04,0x0E,DISCHARGING
384646,3.093,140.4,-1.226,3.072,-4.007,0x04,0x0E,DISCHARGING
386648,3.098,144.4,-1.226,3.072,-4.8,0x04,0x0E,DISCHARGING
388650,3.093,153.6,-1.226,3.072,-4.8,0x04,0x0E,DISCHARGING
390652,3.098,148.0,-1.226,3.072,-4.8,0x04,0x0E,DISCHARGING
392653,3.093,127.6,-1.226,3.084,-4.007,0x04,0x0E,DISCHARGING
394654,3.093,139.6,-1.226,3.072,-4.007,0x04,0x0E,DISCHARGING
396656,3.093,142.8,-1.226,3.072,-4.007,0x04,0x0E,DISCHARGING
398657,3.093,142.4,-1.226,3.072,-4.007,0x04,0x0E,DISCHARGING
400659,3.093,131.6,-1.226,3.072,-4.8,0x04,0x0E,DISCHARGING
402660,3.098,139.6,-1.226,3.072,-4.007,0x04,0x0E,DISCHARGING
404661,3.093,143.2,-1.226,3.072,-4.007,0x04,0x0E,DISCHARGING
406663,3.093,139.6,-1.226,3.072,-4.8,0x04,0x0E,DISCHARGING
408664,3.088,138.8,-1.226,3.072,-4.8,0x04,0x0E,DISCHARGING
410665,3.093,144.4,-1.226,3.072,-4.007,0x04,0x0E,DISCHARGING
412667,3.093,144.4,-1.226,3.072,-4.8,0x04,0x0E,DISCHARGING
414668,3.093,144.4,-1.226,3.072,-4.007,0x04,0x0E,DISCHARGING
416669,3.093,138.8,-1.226,3.065,-4.007,0x04,0x0E,DISCHARGING
418671,3.098,144.4,-1.226,3.072,-4.007,0x04,0x0E,DISCHARGING
420672,3.093,142.8,-1.226,3.072,-4.8,0x04,0x0E,DISCHARGING
422673,3.093,138.8,-1.226,3.065,-4.8,0x04,0x0E,DISCHARGING
424675,3.113,148.0,-1.226,3.065,-4.007,0x04,0x0E,DISCHARGING
426676,3.093,140.4,-1.226,3.078,-4.007,0x04,0x0E,DISCHARGING
428678,3.098,145.6,-1.226,3.065,-4.007,0x04,0x0E,DISCHARGING
430679,3.103,138.8,-1.226,3.065,-4.007,0x04,0x0E,DISCHARGING
432680,3.098,145.6,-1.226,3.065,-4.007,0x04,0x0E,DISCHARGING
434681,3.088,128.399,-1.226,3.072,-4.8,0x04,0x0E,DISCHARGING
436682,3.093,144.8,-1.226,3.065,-4.8,0x04,0x0E,DISCHARGING
438684,3.088,153.6,-1.226,3.065,-4.007,0x04,0x0E,DISCHARGING
440685,3.093,144.4,-1.226,3.072,-4.8,0x04,0x0E,DISCHARGING
442686,3.088,126.0,-1.226,3.065,-4.8,0x04,0x0E,DISCHARGING
444687,3.093,142.8,-1.226,3.065,-4.007,0x04,0x0E,DISCHARGING
446689,3.093,142.4,-1.226,3.065,-4.8,0x04,0x0E,DISCHARGING
449045,3.064,186.4,-1.226,3.028,-4.8,0x04,0x0E,DISCHARGING
451047,3.069,192.0,-1.226,3.016,-4.007,0x04,0x0E,DISCHARGING
453049,3.054,192.4,-1.226,3.016,-4.007,0x04,0x0E,DISCHARGING
455051,3.054,188.0,-1.226,3.016,-4.007,0x04,0x0E,DISCHARGING
457053,3.049,179.2,-1.226,3.009,-4.007,0x04,0x0E,DISCHARGING
459054,3.04,186.4,-1.226,3.016,-4.007,0x04,0x0E,DISCHARGING
461056,3.04,193.6,-1.226,3.009,-4.007,0x04,0x0E,DISCHARGING
463058,3.054,192.0,-1.226,3.009,-4.007,0x04,0x0E,DISCHARGING
465060,3.054,183.6,-1.226,3.009,-4.007,0x04,0x0E,DISCHARGING
467061,3.059,192.4,-1.226,3.016,-4.007,0x04,0x0E,DISCHARGING
469062,3.04,187.6,-1.226,3.009,-4.007,0x04,0x0E,DISCHARGING
471064,3.054,186.8,-1.226,3.003,-4.8,0x04,0x0E,DISCHARGING
473066,3.044,192.0,-1.226,3.009,-4.007,0x04,0x0E,DISCHARGING
475068,3.049,189.6,-1.226,3.003,-4.007,0x04,0x0E,DISCHARGING
477070,3.04,185.2,-1.226,3.009,-4.007,0x04,0x0E,DISCHARGING
479072,3.04,189.6,-1.226,3.003,-4.007,0x04,0x0E,DISCHARGING
481074,3.04,186.4,-1.226,3.003,-4.007,0x04,0x0E,DISCHARGING
483076,3.03,189.2,-1.226,3.003,-4.007,0x04,0x0E,DISCHARGING
485077,3.03,185.2,-1.226,3.003,-4.007,0x04,0x0E,DISCHARGING
487079,3.035,189.2,-1.226,3.003,-4.007,0x04,0x0E,DISCHARGING
489080,3.03,186.4,-1.226,3.003,-4.007,0x04,0x0E,DISCHARGING
491082,3.035,185.2,-1.226,3.003,-4.007,0x04,0x0E,DISCHARGING
493083,3.03,186.4,-1.226,3.003,-4.007,0x04,0x0E,DISCHARGING
495084,3.044,189.6,-1.226,3.003,-4.007,0x04,0x0E,DISCHARGING
497085,3.03,192.0,-1.226,2.997,-4.007,0x04,0x0E,DISCHARGING
499087,3.04,204.8,-1.226,3.003,-4.007,0x04,0x0E,DISCHARGING
501088,3.035,185.2,-1.226,2.997,-4.007,0x04,0x0E,DISCHARGING
503090,3.035,189.6,-1.226,3.009,-4.007,0x04,0x0E,DISCHARGING
505091,3.035,184.4,-1.226,2.997,-3.215,0x04,0x0E,DISCHARGING
507093,3.035,189.2,-1.226,2.997,-4.007,0x04,0x0E,DISCHARGING
509094,3.035,186.8,-1.226,2.997,-4.007,0x04,0x0E,DISCHARGING
511095,3.03,171.6,-1.226,2.997,-4.007,0x04,0x0E,DISCHARGING
513097,3.035,190.0,-1.226,2.991,-4.007,0x04,0x0E,DISCHARGING
515098,3.035,187.2,-1.226,2.997,-3.215,0x04,0x0E,DISCHARGING
517099,3.035,192.4,-1.226,2.997,-4.007,0x04,0x0E,DISCHARGING
519100,3.035,185.6,-1.226,3.003,-4.007,0x04,0x0E,DISCHARGING
521102,3.035,192.0,-1.226,2.997,-4.007,0x04,0x0E,DISCHARGING
523103,3.03,198.4,-1.226,2.991,-4.007,0x04,0x0E,DISCHARGING
525105,3.03,185.2,-1.226,2.997,-4.007,0x04,0x0E,DISCHARGING
527106,3.035,187.2,-1.226,2.997,-4.007,0x04,0x0E,DISCHARGING
529108,3.035,189.2,-1.226,2.997,-4.007,0x04,0x0E,DISCHARGING
531110,3.03,192.0,-1.226,2.997,-3.215,0x04,0x0E,DISCHARGING
533112,3.035,190.0,-1.226,2.991,-4.007,0x04,0x0E,DISCHARGING
535114,3.035,189.6,-1.226,2.991,-4.007,0x04,0x0E,DISCHARGING
537115,3.035,178.0,-1.226,2.997,-4.007,0x04,0x0E,DISCHARGING
539117,3.04,192.0,-1.226,2.991,-4.007,0x04,0x0E,DISCHARGING
541119,3.03,193.6,-1.226,2.991,-4.007,0x04,0x0E,DISCHARGING
543121,3.035,193.6,-1.226,2.991,-4.007,0x04,0x0E,DISCHARGING
545122,3.03,185.2,-1.226,2.991,-3.215,0x04,0x0E,DISCHARGING
547124,3.035,185.2,-1.226,2.997,-3.215,0x04,0x0E,DISCHARGING
549125,3.035,188.8,-1.226,2.991,-3.215,0x04,0x0E,DISCHARGING
551127,3.04,190.0,-1.226,2.991,-3.215,0x04,0x0E,DISCHARGING
553128,3.035,192.8,-1.226,2.991,-4.007,0x04,0x0E,DISCHARGING
555129,3.03,172.4,-1.226,2.991,-3.215,0x04,0x0E,DISCHARGING
557130,3.035,186.8,-1.226,2.984,-4.007,0x04,0x0E,DISCHARGING
559132,3.035,186.4,-1.226,2.991,-4.007,0x04,0x0E,DISCHARGING
561133,3.015,188.8,-1.226,2.984,-3.215,0x04,0x0E,DISCHARGING
563135,3.035,193.6,-1.226,2.991,-4.007,0x04,0x0E,DISCHARGING
565137,3.015,185.2,-1.226,2.984,-4.007,0x04,0x0E,DISCHARGING
567138,3.02,193.6,-1.226,2.991,-3.215,0x04,0x0E,DISCHARGING
569140,3.01,188.0,-1.226,2.984,-4.007,0x04,0x0E,DISCHARGING
571142,3.035,186.4,-1.226,2.984,-4.007,0x04,0x0E,DISCHARGING
573143,3.035,173.6,-1.226,2.984,-3.215,0x04,0x0E,DISCHARGING
575145,3.035,178.8,-1.226,2.991,-3.215,0x04,0x0E,DISCHARGING
577146,3.035,192.4,-1.226,2.984,-3.215,0x04,0x0E,DISCHARGING
579148,3.035,189.2,-1.226,2.984,-4.007,0x04,0x0E,DISCHARGING
581150,3.03,188.0,-1.226,2.984,-3.215,0x04,0x0E,DISCHARGING
583152,3.025,184.4,-1.226,2.984,-3.215,0x04,0x0E,DISCHARGING
585153,3.01,204.8,-1.226,2.984,-3.215,0x04,0x0E,DISCHARGING
587155,3.01,189.6,-1.226,2.984,-3.215,0x04,0x0E,DISCHARGING
589157,3.015,204.8,-1.226,2.984,-3.215,0x04,0x0E,DISCHARGING
591158,3.03,172.0,-1.226,2.984,-3.215,0x04,0x0E,DISCHARGING
593160,3.025,189.2,-1.226,2.984,-3.215,0x04,0x0E,DISCHARGING
595161,3.025,192.4,-1.226,2.984,-3.215,0x04,0x0E,DISCHARGING
597163,3.01,193.6,-1.226,2.991,-4.007,0x04,0x0E,DISCHARGING
599164,3.03,184.4,-1.226,2.984,-3.215,0x04,0x0E,DISCHARGING
601166,3.035,187.2,-1.226,2.984,-3.215,0x04,0x0E,DISCHARGING
603168,3.01,184.4,-1.226,2.984,-3.215,0x04,0x0E,DISCHARGING
605170,3.03,189.6,-1.226,2.984,-4.007,0x04,0x0E,DISCHARGING
607172,3.01,204.8,-1.226,2.978,-4.007,0x04,0x0E,DISCHARGING
609174,3.025,193.6,-1.226,2.984,-3.215,0x04,0x0E,DISCHARGING
611176,3.03,186.8,-1.226,2.978,-3.215,0x04,0x0E,DISCHARGING
613178,3.01,192.4,-1.226,2.984,-3.215,0x04,0x0E,DISCHARGING
615180,3.02,192.0,-1.226,2.978,-3.215,0x04,0x0E,DISCHARGING
617182,3.01,192.4,-1.226,2.984,-3.215,0x04,0x0E,DISCHARGING
619184,3.015,190.0,-1.226,2.978,-3.215,0x04,0x0E,DISCHARGING
621186,3.015,190.0,-1.226,2.978,-3.215,0x04,0x0E,DISCHARGING
623188,3.01,189.6,-1.226,2.978,-4.007,0x04,0x0E,DISCHARGING
625189,3.015,190.8,-1.226,2.978,-3.215,0x04,0x0E,DISCHARGING
627191,3.015,188.0,-1.226,2.978,-3.215,0x04,0x0E,DISCHARGING
629193,3.025,175.2,-1.226,2.978,-3.215,0x04,0x0E,DISCHARGING
631195,3.015,187.2,-1.226,2.978,-3.215,0x04,0x0E,DISCHARGING
633197,3.01,192.0,-1.226,2.972,-3.215,0x04,0x0E,DISCHARGING
635198,3.015,190.8,-1.226,2.978,-3.215,0x04,0x0E,DISCHARGING
637200,3.01,192.0,-1.226,2.978,-4.007,0x04,0x0E,DISCHARGING
639201,3.02,192.0,-1.226,2.984,-3.215,0x04,0x0E,DISCHARGING
641203,3.015,189.2,-1.226,2.972,-3.215,0x04,0x0E,DISCHARGING
643205,3.005,194.4,-1.226,2.972,-3.215,0x04,0x0E,DISCHARGING
645206,3.015,190.0,-1.226,2.972,-3.215,0x04,0x0E,DISCHARGING
647208,3.015,190.8,-1.226,2.978,-4.007,0x04,0x0E,DISCHARGING
649209,3.015,188.0,-1.226,2.978,-3.215,0x04,0x0E,DISCHARGING
651210,3.015,189.6,-1.226,2.978,-3.215,0x04,0x0E,DISCHARGING
653211,3.01,188.0,-1.226,2.972,-3.215,0x04,0x0E,DISCHARGING
655212,3.01,189.6,-1.226,2.978,-4.007,0x04,0x0E,DISCHARGING
657214,3.01,193.6,-1.226,2.972,-3.215,0x04,0x0E,DISCHARGING
659215,3.01,199.2,-1.226,2.972,-3.215,0x04,0x0E,DISCHARGING
661216,3.01,189.6,-1.226,2.966,-3.215,0x04,0x0E,DISCHARGING
663218,3.01,189.2,-1.226,2.972,-3.215,0x04,0x0E,DISCHARGING
665219,3.01,186.8,-1.226,2.966,-3.215,0x04,0x0E,DISCHARGING
667221,3.015,188.0,-1.226,2.972,-3.215,0x04,0x0E,DISCHARGING
669222,3.015,185.2,-1.226,2.972,-3.215,0x04,0x0E,DISCHARGING
671224,3.015,190.8,-1.226,2.972,-3.215,0x04,0x0E,DISCHARGING
673226,3.01,173.2,-1.226,2.972,-3.215,0x04,0x0E,DISCHARGING
675228,3.015,186.8,-1.226,2.966,-3.215,0x04,0x0E,DISCHARGING
677229,3.0,190.0,-1.226,2.966,-3.215,0x04,0x0E,DISCHARGING
679231,3.01,194.0,-1.226,2.972,-3.215,0x04,0x0E,DISCHARGING
681232,3.015,195.2,-1.226,2.966,-3.215,0x04,0x0E,DISCHARGING
683234,3.01,189.6,-1.226,2.966,-3.215,0x04,0x0E,DISCHARGING
685235,3.0,189.6,-1.226,2.966,-3.215,0x04,0x0E,DISCHARGING
687237,3.015,193.6,-1.226,2.966,-3.215,0x04,0x0E,DISCHARGING
689239,3.015,194.0,-1.226,2.966,-3.215,0x04,0x0E,DISCHARGING
691240,3.015,171.6,-1.226,2.972,-3.215,0x04,0x0E,DISCHARGING
693242,3.01,195.2,-1.226,2.966,-3.215,0x04,0x0E,DISCHARGING
695243,3.01,192.0,-1.226,2.972,-3.215,0x04,0x0E,DISCHARGING
697244,3.005,189.6,-1.226,2.972,-3.215,0x04,0x0E,DISCHARGING
699245,3.01,175.6,-1.226,2.966,-4.007,0x04,0x0E,DISCHARGING
701247,3.005,189.6,-1.226,2.96,-3.215,0x04,0x0E,DISCHARGING
703248,3.005,192.0,-1.226,2.972,-3.215,0x04,0x0E,DISCHARGING
705250,3.005,193.6,-1.226,2.972,-3.215,0x04,0x0E,DISCHARGING
707251,3.015,190.4,-1.226,2.966,-3.215,0x04,0x0E,DISCHARGING
709252,3.0,189.6,-1.226,2.966,-3.215,0x04,0x0E,DISCHARGING
711253,3.005,189.2,-1.226,2.966,-3.215,0x04,0x0E,DISCHARGING
713255,3.0,189.6,-1.226,2.966,-3.215,0x04,0x0E,DISCHARGING
715256,3.0,188.0,-1.226,2.966,-3.215,0x04,0x0E,DISCHARGING
717257,3.005,190.8,-1.226,2.966,-3.215,0x04,0x0E,DISCHARGING
719259,3.005,198.4,-1.226,2.966,-3.215,0x04,0x0E,DISCHARGING
721260,2.996,186.8,-1.226,2.966,-3.215,0x04,0x0E,DISCHARGING
723261,2.991,188.4,-1.226,2.966,-3.215,0x04,0x0E,DISCHARGING
725263,3.005,190.0,-1.226,2.972,-3.215,0x04,0x0E,DISCHARGING
727264,3.005,188.8,-1.226,2.966,-3.215,0x04,0x0E,DISCHARGING
729265,3.005,190.4,-1.226,2.966,-3.215,0x04,0x0E,DISCHARGING
731267,3.005,186.8,-1.226,2.966,-3.215,0x04,0x0E,DISCHARGING
733268,3.0,188.8,-1.226,2.966,-3.215,0x04,0x0E,DISCHARGING
735270,3.0,192.4,-1.226,2.96,-3.215,0x04,0x0E,DISCHARGING
737271,3.005,186.8,-1.226,2.96,-3.215,0x04,0x0E,DISCHARGING
739273,3.005,188.0,-1.226,2.96,-3.215,0x04,0x0E,DISCHARGING
741274,3.005,190.0,-1.226,2.96,-4.007,0x04,0x0E,DISCHARGING
743275,2.991,189.6,-1.226,2.96,-3.215,0x04,0x0E,DISCHARGING
745277,2.991,189.2,-1.226,2.96,-3.215,0x04,0x0E,DISCHARGING
747278,3.005,195.2,-1.226,2.96,-3.215,0x04,0x0E,DISCHARGING
749635,2.961,250.0,-1.226,2.91,-3.215,0x04,0x0E,DISCHARGING
751637,2.942,256.0,-1.226,2.897,-3.215,0x04,0x0E,DISCHARGING
753639,2.937,252.4,-1.226,2.891,-3.215,0x04,0x0E,DISCHARGING
755641,2.937,252.0,-1.226,2.885,-3.215,0x04,0x0E,DISCHARGING
757643,2.932,254.0,-1.226,2.885,-3.215,0x04,0x0E,DISCHARGING
759645,2.932,256.0,-1.226,2.879,-3.215,0x04,0x0E,DISCHARGING
761647,2.927,253.2,-1.226,2.879,-2.422,0x04,0x0E,DISCHARGING
763649,2.927,252.4,-1.226,2.879,-3.215,0x04,0x0E,DISCHARGING
765651,2.927,252.0,-1.226,2.879,-2.422,0x04,0x0E,DISCHARGING
767653,2.927,256.0,-1.226,2.885,-3.215,0x04,0x0E,DISCHARGING
769654,2.927,248.4,-1.226,2.879,-3.215,0x04,0x0E,DISCHARGING
771656,2.927,256.0,-1.226,2.879,-2.422,0x04,0x0E,DISCHARGING
773658,2.927,256.799,-1.226,2.872,-2.422,0x04,0x0E,DISCHARGING
775660,2.922,256.0,-1.226,2.872,-3.215,0x04,0x0E,DISCHARGING
777661,2.922,256.0,-1.226,2.872,-2.422,0x04,0x0E,DISCHARGING
779662,2.922,254.4,-1.226,2.872,-2.422,0x04,0x0E,DISCHARGING
781664,2.922,254.8,-1.226,2.872,-2.422,0x04,0x0E,DISCHARGING
783666,2.917,254.0,-1.226,2.866,-2.422,0x04,0x0E,DISCHARGING
785667,2.917,254.0,-1.226,2.879,-2.422,0x04,0x0E,DISCHARGING
787668,2.917,253.6,-1.226,2.872,-2.422,0x04,0x0E,DISCHARGING
789669,2.917,259.2,-1.226,2.866,-2.422,0x04,0x0E,DISCHARGING
791671,2.917,254.0,-1.226,2.866,-2.422,0x04,0x0E,DISCHARGING
793672,2.917,252.4,-1.226,2.872,-2.422,0x04,0x0E,DISCHARGING
795673,2.913,256.0,-1.226,2.866,-2.422,0x04,0x0E,DISCHARGING
797675,2.913,256.0,-1.226,2.86,-2.422,0x04,0x0E,DISCHARGING
799676,2.913,254.0,-1.226,2.866,-1.629,0x04,0x0E,DISCHARGING
801678,2.917,238.8,-1.226,2.866,-2.422,0x04,0x0E,DISCHARGING
803679,2.913,253.2,-1.226,2.866,-2.422,0x04,0x0E,DISCHARGING
805680,2.913,252.4,-1.226,2.86,-2.422,0x04,0x0E,DISCHARGING
807682,2.913,252.4,-1.226,2.866,-2.422,0x04,0x0E,DISCHARGING
809683,2.917,257.6,-1.226,2.86,-2.422,0x04,0x0E,DISCHARGING
811685,2.908,254.8,-1.226,2.86,-2.422,0x04,0x0E,DISCHARGING
813686,2.908,253.2,-1.226,2.86,-1.629,0x04,0x0E,DISCHARGING
815687,2.908,254.4,-1.226,2.86,-2.422,0x04,0x0E,DISCHARGING
817689,2.908,254.0,-1.226,2.86,-1.629,0x04,0x0E,DISCHARGING
819689,2.908,254.0,-1.226,2.86,-1.629,0x04,0x0E,DISCHARGING
821690,2.908,254.0,-1.226,2.86,-2.422,0x04,0x0E,DISCHARGING
823692,2.908,257.6,-1.226,2.86,-1.629,0x04,0x0E,DISCHARGING
825693,2.908,254.8,-1.226,2.854,-2.422,0x04,0x0E,DISCHARGING
827695,2.903,254.0,-1.226,2.854,-1.629,0x04,0x0E,DISCHARGING
829697,2.908,255.6,-1.226,2.854,-1.629,0x04,0x0E,DISCHARGING
831699,2.903,256.799,-1.226,2.854,-1.629,0x04,0x0E,DISCHARGING
833700,2.903,259.2,-1.226,2.854,-1.629,0x04,0x0E,DISCHARGING
835701,2.903,256.0,-1.226,2.86,-1.629,0x04,0x0E,DISCHARGING
837702,2.903,253.6,-1.226,2.854,-1.629,0x04,0x0E,DISCHARGING
839704,2.903,258.4,-1.226,2.854,-1.629,0x04,0x0E,DISCHARGING
841705,2.903,256.0,-1.226,2.854,-1.629,0x04,0x0E,DISCHARGING
843707,2.908,243.6,-1.226,2.854,-1.629,0x04,0x0E,DISCHARGING
845709,2.903,254.8,-1.226,2.854,-1.629,0x04,0x0E,DISCHARGING
847710,2.903,252.4,-1.226,2.854,-1.629,0x04,0x0E,DISCHARGING
849711,2.898,252.4,-1.226,2.847,-1.629,0x04,0x0E,DISCHARGING
851712,2.898,255.6,-1.226,2.847,-1.629,0x04,0x0E,DISCHARGING
853713,2.898,257.6,-1.226,2.847,-1.629,0x04,0x0E,DISCHARGING
855714,2.898,255.2,-1.226,2.847,-1.629,0x04,0x0E,DISCHARGING
857715,2.898,256.0,-1.226,2.847,-1.629,0x04,0x0E,DISCHARGING
859717,2.898,254.8,-1.226,2.847,-1.629,0x04,0x0E,DISCHARGING
861719,2.898,257.6,-1.226,2.847,-1.629,0x04,0x0E,DISCHARGING
863721,2.893,255.6,-1.226,2.841,-1.629,0x04,0x0E,DISCHARGING
865723,2.893,258.799,-1.226,2.847,-1.629,0x04,0x0E,DISCHARGING
867724,2.893,256.799,-1.226,2.841,-1.629,0x04,0x0E,DISCHARGING
869726,2.903,244.0,-1.226,2.841,-1.629,0x04,0x0E,DISCHARGING
871728,2.893,254.4,-1.226,2.841,-1.629,0x04,0x0E,DISCHARGING
873728,2.893,254.8,-1.226,2.841,-1.629,0x04,0x0E,DISCHARGING
875730,2.893,254.0,-1.226,2.841,-1.629,0x04,0x0E,DISCHARGING
877732,2.893,257.6,-1.226,2.841,-1.629,0x04,0x0E,DISCHARGING
879733,2.893,254.8,-1.226,2.841,-1.629,0x04,0x0E,DISCHARGING
881734,2.888,258.4,-1.226,2.841,-1.629,0x04,0x0E,DISCHARGING
883736,2.888,258.4,-1.226,2.841,-1.629,0x04,0x0E,DISCHARGING
885737,2.888,258.4,-1.226,2.835,-1.629,0x04,0x0E,DISCHARGING
887739,2.888,257.6,-1.226,2.841,-1.629,0x04,0x0E,DISCHARGING
889740,2.888,262.4,-1.226,2.835,-1.629,0x04,0x0E,DISCHARGING
891742,2.888,260.799,-1.226,2.835,-1.629,0x04,0x0E,DISCHARGING
893744,2.888,256.0,-1.226,2.835,-1.629,0x04,0x0E,DISCHARGING
895745,2.888,257.6,-1.226,2.835,-1.629,0x04,0x0E,DISCHARGING
897747,2.883,256.0,-1.226,2.835,-1.629,0x04,0x0E,DISCHARGING
899749,2.883,257.6,-1.226,2.835,-1.629,0x04,0x0E,DISCHARGING
901751,2.883,256.799,-1.226,2.829,-1.629,0x04,0x0E,DISCHARGING
903752,2.883,254.8,-1.226,2.835,-1.629,0x04,0x0E,DISCHARGING
905754,2.883,257.6,-1.226,2.841,-1.629,0x04,0x0E,DISCHARGING
907755,2.883,255.6,-1.226,2.829,-1.629,0x04,0x0E,DISCHARGING
909757,2.883,257.6,-1.226,2.835,-1.629,0x04,0x0E,DISCHARGING
911758,2.883,255.6,-1.226,2.835,-1.629,0x04,0x0E,DISCHARGING
913759,2.883,244.4,-1.226,2.829,-1.629,0x04,0x0E,DISCHARGING
915761,2.878,255.6,-1.226,2.835,-1.629,0x04,0x0E,DISCHARGING
917762,2.878,259.2,-1.226,2.829,-1.629,0x04,0x0E,DISCHARGING
919763,2.878,257.6,-1.226,2.829,-1.629,0x04,0x0E,DISCHARGING
921765,2.878,259.2,-1.226,2.829,-1.629,0x04,0x0E,DISCHARGING
923766,2.873,259.2,-1.226,2.829,-1.629,0x04,0x0E,DISCHARGING
925768,2.878,259.2,-1.226,2.822,-1.629,0x04,0x0E,DISCHARGING
927769,2.873,257.2,-1.226,2.822,-1.629,0x04,0x0E,DISCHARGING
929770,2.878,257.6,-1.226,2.829,-1.629,0x04,0x0E,DISCHARGING
931772,2.873,257.2,-1.226,2.822,-1.629,0x04,0x0E,DISCHARGING
933773,2.873,260.799,-1.226,2.822,-1.629,0x04,0x0E,DISCHARGING
935774,2.873,257.6,-1.226,2.822,-1.629,0x04,0x0A,DISCHARGING
937775,2.869,258.799,-1.226,2.822,-1.629,0x04,0x0E,DISCHARGING
939777,2.873,262.8,-1.226,2.829,-1.629,0x04,0x0E,DISCHARGING
941778,2.869,258.799,-1.226,2.822,-1.629,0x04,0x0E,DISCHARGING
943779,2.869,259.6,-1.226,2.822,-1.629,0x04,0x0E,DISCHARGING
945781,2.869,262.4,-1.226,2.816,0.837,0x04,0x0A,DISCHARGING
947782,2.869,246.4,-1.226,2.822,-1.629,0x04,0x0E,DISCHARGING
949784,2.864,258.4,-1.226,2.816,-1.629,0x04,0x0A,DISCHARGING
951785,2.864,262.4,-1.226,2.816,0.837,0x04,0x0A,DISCHARGING
953787,2.864,259.2,-1.226,2.816,-1.629,0x04,0x0A,DISCHARGING
955788,2.864,258.799,-1.226,2.816,-1.629,0x04,0x0A,DISCHARGING
957790,2.869,258.4,-1.226,2.816,-1.629,0x04,0x0E,DISCHARGING
959791,2.869,258.799,-1.226,2.816,-1.629,0x04,0x0E,DISCHARGING
961792,2.864,258.799,-1.226,2.816,-1.629,0x04,0x0A,DISCHARGING
963793,2.864,255.2,-1.226,2.816,-1.629,0x04,0x0E,DISCHARGING
965794,2.864,255.6,-1.226,2.81,-1.629,0x04,0x0A,DISCHARGING
